{"red": 0.005169153213500971, "green": 0.0037280559539794866, "blue": 0.006296610832214351, "none": 0.025878810882568354}